"Reference,""Qty"",""Value"",""Footprint"",""Description"",""LCSC Part"",""MANUFACTURER"""
"C2,""1"",""22u"",""Capacitor_SMD:C_0805_2012Metric"",""Unpolarized capacitor"",""C29277"",""Samsung Electro-Mechanics"""
"C3,C15,""2"",""10n"",""Capacitor_SMD:C_0603_1608Metric"",""Unpolarized capacitor"",""C1589"",""Samsung Electro-Mechanics"""
"C4,C7,C38,C41,""4"",""10u"",""Capacitor_SMD:C_0805_2012Metric"",""Unpolarized capacitor"",""C15850"",""Samsung Electro-Mechanics"""
"C5,C6,C8,C9,C10,C11,C12,C13,C14,C20,C23,C26,C27,C28,C29,C30,C36,C37,C39,C40,C42,C43,C44,C47,""24"",""100n"",""Capacitor_SMD:C_0603_1608Metric"",""Unpolarized capacitor"",""C1591"",""Samsung Electro-Mechanics"""
"C16,C17,""2"",""1u"",""Capacitor_SMD:C_0805_2012Metric"",""Unpolarized capacitor"",""C28323"",""Samsung Electro-Mechanics"""
"C18,C19,C31,C32,C33,C34,C35,C48,C49,""9"",""100u"",""Capacitor_SMD:CP_Elec_6.3x7.7"",""Polarized capacitor"",""C3339"",""Honor Elec"""
"C21,C22,""2"",""10p"",""Capacitor_SMD:C_0402_1005Metric"",""Unpolarized capacitor"",""C76945"",""muRata"""
"C24,C25,""2"",""2.2uF"",""Capacitor_SMD:C_0805_2012Metric"",""Unpolarized capacitor"",""C1731"",""Samsung Electro-Mechanics"""
"Card1,""1"",""TF-015"",""TF-SMD_TF-015:TF-SMD_TF-015"",""-35?~+85? 2mm Connector and Ejector MicroSD Card (TF Card) Push-Push SMD SD Card / Memory Card Connector ROHS"",""C113206"",""SOFNG"""
"D2,D6,D7,D8,D9,D10,D11,""7"",""SMAJ16A"",""Diode_SMD:D_SMA"",""400W unidirectional Transient Voltage Suppressor, 16.0Vr, SMA(DO-214AC)"",""C74561"",""Littelfuse"""
"D3,""1"",""SS34"",""Diode_SMD:D_SMA"",""40V 3A Schottky Diode, SMA"",""C8678"",""MDD(Microdiode Semiconductor)"""
"D4,""1"",""GREEN"",""LED_SMD:LED_0805_2012Metric"",""Light emitting diode"",""C2297"",""Hubei KENTO Elec"""
"D5,""1"",""BLUE"",""LED_SMD:LED_0805_2012Metric"",""Light emitting diode"",""C2987526"",""EVERLIGHT"""
"FB1,""1"",""120R"",""Inductor_SMD:L_0805_2012Metric"",""Ferrite bead"",""C5671"",""Sunlord"""
"J15,""1"",""USB_B_Micro"",""Connector_USB:USB_Micro-B_Molex-105017-0001"",""USB Micro Type B connector"",""C136000"",""MOLEX"""
"J16,""1"",""Conn_02x05_Odd_Even"",""Connector_PinHeader_2.54mm:PinHeader_2x05_P2.54mm_Vertical_SMD"",""Generic connector, double row, 02x05, odd/even pin numbering scheme (row 1 odd numbers, row 2 even numbers), script generated (kicad-library-utils/schlib/autogen/connector/)"",""C5160779"",""DEALON"""
"L1,""1"",""4.7u"",""Inductor_SMD:L_7.3x7.3_H4.5"",""Inductor"",""C514806"",""YJYCOIN"""
"L2,""1"",""3.3uH"",""Inductor_SMD:L_0805_2012Metric"",""Inductor"",""C162585"",""muRata"""
"Q1,""1"",""AOD4185_C400894"",""AOD4185:TO-252-3_L6.6-W6.1-P4.57-LS9.9-BR-CW"",""40V 40A 62.5W 15m?@10V 3V@250uA 1 P-Channel TO-252(DPAK) MOSFETs ROHS"",""C400894"",""AOS"""
"Q2,""1"",""MMBT4403_"",""MMBT4403_:SOT23-BEC"",""40V 100@150mA,2V 300mW 600mA PNP SOT-23 Bipolar (BJT) ROHS"",""C8513"",""JSCJ"""
"R1,R17,R25,R26,R31,R33,R38,R39,R44,R45,""10"",""100k"",""Resistor_SMD:R_0805_2012Metric"",""Resistor"",""C25611"",""UNI-ROYAL"""
"R4,R6,R9,R10,R11,R12,R13,R18,R36,R37,""10"",""10k"",""Resistor_SMD:R_0805_2012Metric"",""Resistor"",""C17414"",""UNI-ROYAL"""
"R7,R8,""2"",""4.7k"",""Resistor_SMD:R_0805_2012Metric"",""Resistor"",""C26022"",""UNI-ROYAL"""
"R14,R15,""2"",""22"",""Resistor_SMD:R_0603_1608Metric"",""Resistor"",""C1203"",""UNI-ROYAL"""
"R19,""1"",""20k"",""Resistor_SMD:R_0805_2012Metric"",""Resistor"",""C4328"",""UNI-ROYAL"""
"R20,""1"",""8.2k"",""Resistor_SMD:R_0805_2012Metric"",""Resistor"",""C17828"",""UNI-ROYAL"""
"R21,R22,""2"",""100R"",""Resistor_SMD:R_0603_1608Metric"",""Resistor"",""C22775"",""UNI-ROYAL"""
"R23,R24,R27,R29,R30,R32,R34,R35,R40,R41,R42,R43,""12"",""47R"",""Resistor_SMD:R_0805_2012Metric"",""Resistor"",""C17714"",""UNI-ROYAL"""
"SW1,""1"",""SW_SPDT"",""Button_Switch_SMD:SW_SPDT_PCM12"",""Switch, single pole double throw"",""C221841"",""C&K"""
"U1,""1"",""AP3211KTR-G1"",""AP3211KTR-G1:AP3211KTR-G1"",""Buck Adjustable 810mV~15V 1.5A 4.5V~18V SOT-23-6 DC-DC Converters ROHS"",""C154863"",""DIODES"""
"U2,""1"",""M24C64-WMN6TP"",""M24C64-WMN6TP:SOIC127P600X175-8N"",""64Kbit I2C SOIC-8 EEPROM ROHS"",""C7999"",""STMicroelectronics"""
"U3,""1"",""STM32F407VGT6"",""Package_QFP:LQFP-100_14x14mm_P0.5mm"",""STMicroelectronics Arm Cortex-M4 MCU, 1024KB flash, 192KB RAM, 168 MHz, 1.8-3.6V, 82 GPIO, LQFP100"",""C12345"",""ST"""
"U4,""1"",""HX711"",""Package_SO:SOP-16_3.9x9.9mm_P1.27mm"",""24-Bit Analog-to-Digital Converter (ADC) for Weight Scales"",""C43656"",""Avia Semicon (Xiamen)"""
"U5,""1"",""MAX6675ISA_"",""MAX6675ISA_:SOIC127P600X175-8N"",""3V~5.5V 12 SPI SOIC-8 ADCs/DACs - Special Purpose ROHS"",""C16030"",""MAXIM"""
"U6,""1"",""TMUX1208PWR"",""TMUX1208PWR:SOP65P640X120-16N"",""5? 1 8:1 TSSOP-16 Analog Switches, Multiplexers ROHS"",""C494728"",""TI"""
"U7,""1"",""SN74HC245DWR"",""SN74HC245DWR:SOIC127P1030X265-20N"",""SOIC-20-300mil Buffers, Drivers, Receivers, Transceivers ROHS"",""C10093"",""TI"""
"Y1,""1"",""16MHz"",""Crystal:Crystal_SMD_3225-4Pin_3.2x2.5mm"",""Four pin crystal, GND on pins 2 and 4"",""C112972"",""YXC Crystal Oscillators"""
